File1,File2,RMSD (Ã…)
2bef_ADP.pdb.pdb,7ole_ADP.pdb.pdb:,30.2
2bef_ADP.pdb.pdb,1b62_ADP.pdb.pdb:,3286437.0
2bef_ADP.pdb.pdb,1atr_ADP.pdb.pdb:,27.61
2bef_ADP.pdb.pdb,1ats_ADP.pdb.pdb:,27.61
2bef_ADP.pdb.pdb,1bg0_ADP.pdb.pdb:,29.61
2bef_ADP.pdb.pdb,1b7t_ADP.pdb.pdb:,47.72
2bef_ADP.pdb.pdb,1ba1_ADP.pdb.pdb:,27.39
2bef_ADP.pdb.pdb,1am1_ADP.pdb.pdb:,13.69
2bef_ADP.pdb.pdb,4xwo_ADP.pdb.pdb:,20.12
2bef_ADP.pdb.pdb,1amw_ADP.pdb.pdb:,14.28
2bef_ADP.pdb.pdb,1b6s_ADP.pdb.pdb:,35.88
2bef_ADP.pdb.pdb,1ba0_ADP.pdb.pdb:,26.13
2bef_ADP.pdb.pdb,13pk_ADP.pdb.pdb:,49.47
2bef_ADP.pdb.pdb,2c39_ADP.pdb.pdb:,31.09
2bef_ADP.pdb.pdb,2x86_ADP.pdb.pdb:,23.23
2bef_ADP.pdb.pdb,1ao0_ADP.pdb.pdb:,45.95
2bef_ADP.pdb.pdb,1svt_ADP.pdb.pdb:,29.54
2bef_ADP.pdb.pdb,1qcq_ADP.pdb.pdb:,29.43
7ole_ADP.pdb.pdb,1b62_ADP.pdb.pdb:,2446154.25
7ole_ADP.pdb.pdb,1atr_ADP.pdb.pdb:,23.81
7ole_ADP.pdb.pdb,1ats_ADP.pdb.pdb:,46.79
7ole_ADP.pdb.pdb,1bg0_ADP.pdb.pdb:,42.04
7ole_ADP.pdb.pdb,1b7t_ADP.pdb.pdb:,27.11
7ole_ADP.pdb.pdb,1ba1_ADP.pdb.pdb:,23.8
7ole_ADP.pdb.pdb,1am1_ADP.pdb.pdb:,40.57
7ole_ADP.pdb.pdb,4xwo_ADP.pdb.pdb:,38.65
7ole_ADP.pdb.pdb,1amw_ADP.pdb.pdb:,40.55
7ole_ADP.pdb.pdb,1b6s_ADP.pdb.pdb:,44.15
7ole_ADP.pdb.pdb,1ba0_ADP.pdb.pdb:,24.16
7ole_ADP.pdb.pdb,13pk_ADP.pdb.pdb:,51.06
7ole_ADP.pdb.pdb,2c39_ADP.pdb.pdb:,27.1
7ole_ADP.pdb.pdb,2x86_ADP.pdb.pdb:,37.9
7ole_ADP.pdb.pdb,1ao0_ADP.pdb.pdb:,40.52
7ole_ADP.pdb.pdb,1svt_ADP.pdb.pdb:,35.08
7ole_ADP.pdb.pdb,1qcq_ADP.pdb.pdb:,34.98
1b62_ADP.pdb.pdb,1atr_ADP.pdb.pdb:,3215682.0
1b62_ADP.pdb.pdb,1ats_ADP.pdb.pdb:,3242022.0
1b62_ADP.pdb.pdb,1bg0_ADP.pdb.pdb:,3082306.25
1b62_ADP.pdb.pdb,1b7t_ADP.pdb.pdb:,3498181.75
1b62_ADP.pdb.pdb,1ba1_ADP.pdb.pdb:,3215682.5
1b62_ADP.pdb.pdb,1am1_ADP.pdb.pdb:,3500464.75
1b62_ADP.pdb.pdb,4xwo_ADP.pdb.pdb:,3407052.25
1b62_ADP.pdb.pdb,1amw_ADP.pdb.pdb:,3500615.5
1b62_ADP.pdb.pdb,1b6s_ADP.pdb.pdb:,2744807.25
1b62_ADP.pdb.pdb,1ba0_ADP.pdb.pdb:,3215682.75
1b62_ADP.pdb.pdb,13pk_ADP.pdb.pdb:,2878403.25
1b62_ADP.pdb.pdb,2c39_ADP.pdb.pdb:,2765508.0
1b62_ADP.pdb.pdb,2x86_ADP.pdb.pdb:,2746028.0
1b62_ADP.pdb.pdb,1ao0_ADP.pdb.pdb:,2871419.0
1b62_ADP.pdb.pdb,1svt_ADP.pdb.pdb:,2771620.75
1b62_ADP.pdb.pdb,1qcq_ADP.pdb.pdb:,2771620.5
1atr_ADP.pdb.pdb,1ats_ADP.pdb.pdb:,0.48
1atr_ADP.pdb.pdb,1bg0_ADP.pdb.pdb:,34.18
1atr_ADP.pdb.pdb,1b7t_ADP.pdb.pdb:,31.57
1atr_ADP.pdb.pdb,1ba1_ADP.pdb.pdb:,0.38
1atr_ADP.pdb.pdb,1am1_ADP.pdb.pdb:,24.72
1atr_ADP.pdb.pdb,4xwo_ADP.pdb.pdb:,25.57
1atr_ADP.pdb.pdb,1amw_ADP.pdb.pdb:,24.72
1atr_ADP.pdb.pdb,1b6s_ADP.pdb.pdb:,32.16
1atr_ADP.pdb.pdb,1ba0_ADP.pdb.pdb:,0.46
1atr_ADP.pdb.pdb,13pk_ADP.pdb.pdb:,21.05
1atr_ADP.pdb.pdb,2c39_ADP.pdb.pdb:,29.04
1atr_ADP.pdb.pdb,2x86_ADP.pdb.pdb:,24.57
1atr_ADP.pdb.pdb,1ao0_ADP.pdb.pdb:,31.51
1atr_ADP.pdb.pdb,1svt_ADP.pdb.pdb:,26.65
1atr_ADP.pdb.pdb,1qcq_ADP.pdb.pdb:,26.65
1ats_ADP.pdb.pdb,1bg0_ADP.pdb.pdb:,34.15
1ats_ADP.pdb.pdb,1b7t_ADP.pdb.pdb:,31.49
1ats_ADP.pdb.pdb,1ba1_ADP.pdb.pdb:,0.45
1ats_ADP.pdb.pdb,1am1_ADP.pdb.pdb:,31.94
1ats_ADP.pdb.pdb,4xwo_ADP.pdb.pdb:,25.56
1ats_ADP.pdb.pdb,1amw_ADP.pdb.pdb:,31.93
1ats_ADP.pdb.pdb,1b6s_ADP.pdb.pdb:,32.7
1ats_ADP.pdb.pdb,1ba0_ADP.pdb.pdb:,0.48
1ats_ADP.pdb.pdb,13pk_ADP.pdb.pdb:,21.02
1ats_ADP.pdb.pdb,2c39_ADP.pdb.pdb:,30.31
1ats_ADP.pdb.pdb,2x86_ADP.pdb.pdb:,24.31
1ats_ADP.pdb.pdb,1ao0_ADP.pdb.pdb:,31.5
1ats_ADP.pdb.pdb,1svt_ADP.pdb.pdb:,26.63
1ats_ADP.pdb.pdb,1qcq_ADP.pdb.pdb:,26.63
1bg0_ADP.pdb.pdb,1b7t_ADP.pdb.pdb:,34.01
1bg0_ADP.pdb.pdb,1ba1_ADP.pdb.pdb:,34.05
1bg0_ADP.pdb.pdb,1am1_ADP.pdb.pdb:,27.3
1bg0_ADP.pdb.pdb,4xwo_ADP.pdb.pdb:,32.55
1bg0_ADP.pdb.pdb,1amw_ADP.pdb.pdb:,27.31
1bg0_ADP.pdb.pdb,1b6s_ADP.pdb.pdb:,30.18
1bg0_ADP.pdb.pdb,1ba0_ADP.pdb.pdb:,33.98
1bg0_ADP.pdb.pdb,13pk_ADP.pdb.pdb:,31.86
1bg0_ADP.pdb.pdb,2c39_ADP.pdb.pdb:,32.21
1bg0_ADP.pdb.pdb,2x86_ADP.pdb.pdb:,23.1
1bg0_ADP.pdb.pdb,1ao0_ADP.pdb.pdb:,23.77
1bg0_ADP.pdb.pdb,1svt_ADP.pdb.pdb:,43.88
1bg0_ADP.pdb.pdb,1qcq_ADP.pdb.pdb:,43.9
1b7t_ADP.pdb.pdb,1ba1_ADP.pdb.pdb:,31.74
1b7t_ADP.pdb.pdb,1am1_ADP.pdb.pdb:,45.16
1b7t_ADP.pdb.pdb,4xwo_ADP.pdb.pdb:,41.32
1b7t_ADP.pdb.pdb,1amw_ADP.pdb.pdb:,45.22
1b7t_ADP.pdb.pdb,1b6s_ADP.pdb.pdb:,57.9
1b7t_ADP.pdb.pdb,1ba0_ADP.pdb.pdb:,31.32
1b7t_ADP.pdb.pdb,13pk_ADP.pdb.pdb:,29.7
1b7t_ADP.pdb.pdb,2c39_ADP.pdb.pdb:,50.41
1b7t_ADP.pdb.pdb,2x86_ADP.pdb.pdb:,23.59
1b7t_ADP.pdb.pdb,1ao0_ADP.pdb.pdb:,65.0
1b7t_ADP.pdb.pdb,1svt_ADP.pdb.pdb:,43.36
1b7t_ADP.pdb.pdb,1qcq_ADP.pdb.pdb:,43.48
1ba1_ADP.pdb.pdb,1am1_ADP.pdb.pdb:,22.34
1ba1_ADP.pdb.pdb,4xwo_ADP.pdb.pdb:,25.53
1ba1_ADP.pdb.pdb,1amw_ADP.pdb.pdb:,22.34
1ba1_ADP.pdb.pdb,1b6s_ADP.pdb.pdb:,31.91
1ba1_ADP.pdb.pdb,1ba0_ADP.pdb.pdb:,0.33
1ba1_ADP.pdb.pdb,13pk_ADP.pdb.pdb:,21.26
1ba1_ADP.pdb.pdb,2c39_ADP.pdb.pdb:,29.34
1ba1_ADP.pdb.pdb,2x86_ADP.pdb.pdb:,23.77
1ba1_ADP.pdb.pdb,1ao0_ADP.pdb.pdb:,30.76
1ba1_ADP.pdb.pdb,1svt_ADP.pdb.pdb:,26.76
1ba1_ADP.pdb.pdb,1qcq_ADP.pdb.pdb:,26.78
1am1_ADP.pdb.pdb,4xwo_ADP.pdb.pdb:,21.16
1am1_ADP.pdb.pdb,1amw_ADP.pdb.pdb:,0.06
1am1_ADP.pdb.pdb,1b6s_ADP.pdb.pdb:,27.84
1am1_ADP.pdb.pdb,1ba0_ADP.pdb.pdb:,22.32
1am1_ADP.pdb.pdb,13pk_ADP.pdb.pdb:,35.93
1am1_ADP.pdb.pdb,2c39_ADP.pdb.pdb:,29.63
1am1_ADP.pdb.pdb,2x86_ADP.pdb.pdb:,26.78
1am1_ADP.pdb.pdb,1ao0_ADP.pdb.pdb:,26.11
1am1_ADP.pdb.pdb,1svt_ADP.pdb.pdb:,44.7
1am1_ADP.pdb.pdb,1qcq_ADP.pdb.pdb:,44.78
4xwo_ADP.pdb.pdb,1amw_ADP.pdb.pdb:,21.17
4xwo_ADP.pdb.pdb,1b6s_ADP.pdb.pdb:,40.69
4xwo_ADP.pdb.pdb,1ba0_ADP.pdb.pdb:,25.49
4xwo_ADP.pdb.pdb,13pk_ADP.pdb.pdb:,21.87
4xwo_ADP.pdb.pdb,2c39_ADP.pdb.pdb:,31.9
4xwo_ADP.pdb.pdb,2x86_ADP.pdb.pdb:,20.66
4xwo_ADP.pdb.pdb,1ao0_ADP.pdb.pdb:,35.12
4xwo_ADP.pdb.pdb,1svt_ADP.pdb.pdb:,40.28
4xwo_ADP.pdb.pdb,1qcq_ADP.pdb.pdb:,40.26
1amw_ADP.pdb.pdb,1b6s_ADP.pdb.pdb:,27.84
1amw_ADP.pdb.pdb,1ba0_ADP.pdb.pdb:,22.32
1amw_ADP.pdb.pdb,13pk_ADP.pdb.pdb:,35.94
1amw_ADP.pdb.pdb,2c39_ADP.pdb.pdb:,29.63
1amw_ADP.pdb.pdb,2x86_ADP.pdb.pdb:,26.79
1amw_ADP.pdb.pdb,1ao0_ADP.pdb.pdb:,26.11
1amw_ADP.pdb.pdb,1svt_ADP.pdb.pdb:,44.7
1amw_ADP.pdb.pdb,1qcq_ADP.pdb.pdb:,44.78
1b6s_ADP.pdb.pdb,1ba0_ADP.pdb.pdb:,31.78
1b6s_ADP.pdb.pdb,13pk_ADP.pdb.pdb:,27.17
1b6s_ADP.pdb.pdb,2c39_ADP.pdb.pdb:,29.75
1b6s_ADP.pdb.pdb,2x86_ADP.pdb.pdb:,33.73
1b6s_ADP.pdb.pdb,1ao0_ADP.pdb.pdb:,37.99
1b6s_ADP.pdb.pdb,1svt_ADP.pdb.pdb:,45.6
1b6s_ADP.pdb.pdb,1qcq_ADP.pdb.pdb:,45.62
1ba0_ADP.pdb.pdb,13pk_ADP.pdb.pdb:,21.04
1ba0_ADP.pdb.pdb,2c39_ADP.pdb.pdb:,29.63
1ba0_ADP.pdb.pdb,2x86_ADP.pdb.pdb:,24.06
1ba0_ADP.pdb.pdb,1ao0_ADP.pdb.pdb:,30.7
1ba0_ADP.pdb.pdb,1svt_ADP.pdb.pdb:,26.77
1ba0_ADP.pdb.pdb,1qcq_ADP.pdb.pdb:,26.79
13pk_ADP.pdb.pdb,2c39_ADP.pdb.pdb:,28.08
13pk_ADP.pdb.pdb,2x86_ADP.pdb.pdb:,31.05
13pk_ADP.pdb.pdb,1ao0_ADP.pdb.pdb:,26.72
13pk_ADP.pdb.pdb,1svt_ADP.pdb.pdb:,25.96
13pk_ADP.pdb.pdb,1qcq_ADP.pdb.pdb:,25.86
2c39_ADP.pdb.pdb,2x86_ADP.pdb.pdb:,25.23
2c39_ADP.pdb.pdb,1ao0_ADP.pdb.pdb:,20.54
2c39_ADP.pdb.pdb,1svt_ADP.pdb.pdb:,33.87
2c39_ADP.pdb.pdb,1qcq_ADP.pdb.pdb:,33.89
2x86_ADP.pdb.pdb,1ao0_ADP.pdb.pdb:,21.4
2x86_ADP.pdb.pdb,1svt_ADP.pdb.pdb:,24.58
2x86_ADP.pdb.pdb,1qcq_ADP.pdb.pdb:,24.65
1ao0_ADP.pdb.pdb,1svt_ADP.pdb.pdb:,28.24
1ao0_ADP.pdb.pdb,1qcq_ADP.pdb.pdb:,28.33
1svt_ADP.pdb.pdb,1qcq_ADP.pdb.pdb:,0.49
