File1,13pk_ADP.pdb.pdb:,1am1_ADP.pdb.pdb:,1amw_ADP.pdb.pdb:,1ao0_ADP.pdb.pdb:,1atr_ADP.pdb.pdb:,1ats_ADP.pdb.pdb:,1b62_ADP.pdb.pdb:,1b6s_ADP.pdb.pdb:,1b7t_ADP.pdb.pdb:,1ba0_ADP.pdb.pdb:,1ba1_ADP.pdb.pdb:,1bg0_ADP.pdb.pdb:,1qcq_ADP.pdb.pdb:,1svt_ADP.pdb.pdb:,2c39_ADP.pdb.pdb:,2x86_ADP.pdb.pdb:,4xwo_ADP.pdb.pdb:,7ole_ADP.pdb.pdb:
13pk_ADP.pdb.pdb,,,,26.72,,,,,,,,,25.86,25.96,28.08,31.05,,
1am1_ADP.pdb.pdb,35.93,,0.06,26.11,,,,27.84,,22.32,,,44.78,44.7,29.63,26.78,21.16,
1amw_ADP.pdb.pdb,35.94,,,26.11,,,,27.84,,22.32,,,44.78,44.7,29.63,26.79,,
1ao0_ADP.pdb.pdb,,,,,,,,,,,,,28.33,28.24,,,,
1atr_ADP.pdb.pdb,21.05,24.72,24.72,31.51,,0.48,,32.16,31.57,0.46,0.38,34.18,26.65,26.65,29.04,24.57,25.57,
1ats_ADP.pdb.pdb,21.02,31.94,31.93,31.5,,,,32.7,31.49,0.48,0.45,34.15,26.63,26.63,30.31,24.31,25.56,
1b62_ADP.pdb.pdb,2878403.25,3500464.75,3500615.5,2871419.0,3215682.0,3242022.0,,2744807.25,3498181.75,3215682.75,3215682.5,3082306.25,2771620.5,2771620.75,2765508.0,2746028.0,3407052.25,
1b6s_ADP.pdb.pdb,27.17,,,37.99,,,,,,31.78,,,45.62,45.6,29.75,33.73,,
1b7t_ADP.pdb.pdb,29.7,45.16,45.22,65.0,,,,57.9,,31.32,31.74,,43.48,43.36,50.41,23.59,41.32,
1ba0_ADP.pdb.pdb,21.04,,,30.7,,,,,,,,,26.79,26.77,29.63,24.06,,
1ba1_ADP.pdb.pdb,21.26,22.34,22.34,30.76,,,,31.91,,0.33,,,26.78,26.76,29.34,23.77,25.53,
1bg0_ADP.pdb.pdb,31.86,27.3,27.31,23.77,,,,30.18,34.01,33.98,34.05,,43.9,43.88,32.21,23.1,32.55,
1svt_ADP.pdb.pdb,,,,,,,,,,,,,0.49,,,,,
2bef_ADP.pdb.pdb,49.47,13.69,14.28,45.95,27.61,27.61,3286437.0,35.88,47.72,26.13,27.39,29.61,29.43,29.54,31.09,23.23,20.12,30.2
2c39_ADP.pdb.pdb,,,,20.54,,,,,,,,,33.89,33.87,,25.23,,
2x86_ADP.pdb.pdb,,,,21.4,,,,,,,,,24.65,24.58,,,,
4xwo_ADP.pdb.pdb,21.87,,21.17,35.12,,,,40.69,,25.49,,,40.26,40.28,31.9,20.66,,
7ole_ADP.pdb.pdb,51.06,40.57,40.55,40.52,23.81,46.79,2446154.25,44.15,27.11,24.16,23.8,42.04,34.98,35.08,27.1,37.9,38.65,
